model,term,estimate,std_error,t_value,p_value,r2,r2_adj,f_stat,f_df1,f_df2,f_pval,n
lag1,(Intercept),0.6211169475133571,3.63550310503999,0.17084759098466645,0.8674456658293408,0.25106916034804094,0.18298453856149932,3.687604539174655,1,11,0.08110958726198919,13
lag1,desercion_lag1,1.5195715022804175,0.7913142195135804,1.9203136564568444,0.0811095872619891,0.25106916034804094,0.18298453856149932,3.687604539174655,1,11,0.08110958726198919,13
lag1_trend,(Intercept),293.64037068319533,762.62958917666,0.3850366873388842,0.7082728322857057,0.26196480137542605,0.11435776165051137,1.7747446318524647,2,10,0.2189703810785573,13
lag1_trend,desercion_lag1,1.5349996670670294,0.8248560816198652,1.860930289866534,0.0923738278097488,0.26196480137542605,0.11435776165051137,1.7747446318524647,2,10,0.2189703810785573,13
lag1_trend,anio,-0.1452353881670615,0.37799372828459815,-0.38422697864899813,0.7088540657182743,0.26196480137542605,0.11435776165051137,1.7747446318524647,2,10,0.2189703810785573,13
lag2_trend,(Intercept),450.8221540286675,1023.2641170202409,0.4405726210174044,0.6699145790314529,0.04933230690136943,-0.16192718045388177,0.23351522584362264,2,9,0.796396438430532,12
lag2_trend,desercion_lag2,-0.503476014042971,0.981218170760272,-0.5131132189010171,0.6202290452089052,0.04933230690136943,-0.16192718045388177,0.23351522584362264,2,9,0.796396438430532,12
lag2_trend,anio,-0.2186900081600428,0.5070172430452236,-0.43132656957889043,0.6763782393462372,0.04933230690136943,-0.16192718045388177,0.23351522584362264,2,9,0.796396438430532,12
