indicador,label,correlacion,ci_lower,ci_upper,p_value,n
traslado,Tiempo de traslado (>1h al CS),0.6964809384164222,0.4593369489247437,0.8409462310073755,9.537757306598798e-6,32
empleo_informal,Empleo informal,0.8702346041055719,0.7487405957874834,0.935159631018996,9.810636556275412e-11,32
sobrecarga,Sobrecarga de cuidados,0.33752156727689986,-0.03308274722269228,0.6265282809770875,0.07335401750505441,29
cobertura_programa,Cobertura programa social,0.33752156727689986,-0.03308274722269228,0.6265282809770875,0.07335401750505441,29
transporte,Transporte subsidiado,0.41211972230323385,0.053722545263083565,0.6764551680026368,0.026317604931549127,29
